Submission id,PROLIFIC_PID,Status_x,Custom study tncs accepted at,Started at,Completed at,Reviewed at,Archived at,Time taken,Completion code,Total approvals,Non-religious,Age,Sex,Ethnicity simplified,Country of birth,Country of residence,Nationality,Language,Student status,Employment status,StartDate,EndDate,Status_y,IPAddress,Progress,Duration (in seconds),Finished,RecordedDate,ResponseId,RecipientLastName,RecipientFirstName,RecipientEmail,ExternalReference,LocationLatitude,LocationLongitude,DistributionChannel,UserLanguage,Q34,1.1,1.2,Q33,4.1,4.2,8.1,8.2,5.1,5.2,6.1,6.2,7.1,7.2,3.1,3.2,10.1,10.2,9.1,9.2
679669dd4cda17e140385967,5ab4e1b861533800011c745e,APPROVED,Not Applicable,2025-01-26T16:59:31.665000Z,2025-01-26T17:12:49.656000Z,2025-01-27T06:27:55.405000Z,2025-01-26T17:12:50.651284Z,798.0,NOCODE,354,Atheist,40,Female,White,Greece,Greece,Greece,Greek,No,Part-Time,2025-01-26 12:02:57,2025-01-26 12:12:20,IP Address,62.74.3.9,100,562,True,2025-01-26 12:12:20,R_2JItNe34p7u9c6s,,,,,40.6439,22.9358,anonymous,ZH-T,5ab4e1b861533800011c745e,strongly disbelieve,undergraduate (college/University),Yes,remain the same,may increase,remain the same,remain the same,may decrease,may decrease,definitely increase,very likely to increase,remain the same,remain the same,remain the same,remain the same,remain the same,remain the same,remain the same,stay the same
679669dfe678a1f48603f26d,5fa154fd4cbe97227182aff7,APPROVED,Not Applicable,2025-01-26T16:59:11.101000Z,2025-01-26T17:05:39.104000Z,2025-01-27T06:27:55.819000Z,2025-01-26T17:05:39.759828Z,389.0,NOCODE,634,Atheist,33,Male,Mixed,South Africa,South Africa,South Africa,English,No,Unemployed (and job seeking),2025-01-26 11:59:13,2025-01-26 12:05:14,IP Address,102.182.190.196,100,361,True,2025-01-26 12:05:15,R_823WzkO4DqK0mDP,,,,,-33.9258,18.4259,anonymous,ZH-T,5fa154fd4cbe97227182aff7,unsure,high school,Yes,remain the same,may decrease,may decrease,may decrease,may decrease,may decrease,very likely to increase,very likely to increase,very likely to increase,very likely to increase,very likely to increase,very likely to increase,may increase,very likely to increase,may decrease,may decrease
679669e0d9f2fc9dfbec772c,5dd9bd7bf85b50953fdf003c,APPROVED,Not Applicable,2025-01-26T16:59:19.288000Z,2025-01-26T17:03:35.482000Z,2025-01-27T06:27:56.099000Z,2025-01-26T17:03:35.958595Z,257.0,NOCODE,567,Atheist,28,Female,White,United Kingdom,United Kingdom,United Kingdom,English,Yes,Part-Time,2025-01-26 11:59:23,2025-01-26 12:03:09,IP Address,92.40.204.71,100,226,True,2025-01-26 12:03:10,R_2xSjpjvRzigfg6o,,,,,51.4535,-2.5917,anonymous,ZH-T,5dd9bd7bf85b50953fdf003c,strongly disbelieve,undergraduate (college/University),Yes,remain the same,remain the same,may decrease,may decrease,may decrease,may decrease,very likely to increase,very likely to increase,very likely to increase,very likely to increase,may increase,may increase,remain the same,remain the same,may decrease,may decrease
679669e14d95d98da37a64c0,605cfd62eeb3a7b5003d97d0,AWAITING REVIEW,Not Applicable,2025-01-26T16:59:21.232000Z,2025-01-26T17:03:56.245000Z,,2025-01-26T17:03:57.383796Z,276.0,NOCODE,141,Atheist,24,Male,White,Portugal,Portugal,Portugal,Portuguese,Yes,Full-Time,2025-01-26 11:59:25,2025-01-26 12:03:40,IP Address,89.181.210.147,100,254,True,2025-01-26 12:03:40,R_2npdUVwO0TZIvud,,,,,41.1459,-8.6169,anonymous,ZH-T,605cfd62eeb3a7b5003d97d0,strongly disbelieve,graduate school (postgraduate),Yes,may decrease,remain the same,remain the same,very likely to increase,may decrease,may increase,definitely increase,definitely increase,may increase,remain the same,remain the same,remain the same,remain the same,remain the same,may increase,definitely increase
679669e87b5a98eefae34c50,5eb33041025b5d1264d47e00,AWAITING REVIEW,Not Applicable,2025-01-26T16:59:20.077000Z,2025-01-26T17:08:15.787000Z,,2025-01-26T17:08:16.477741Z,536.0,NOCODE,521,Atheist,25,Male,Mixed,Brazil,Portugal,Brazil,Portuguese,Yes,Other,2025-01-26 11:59:24,2025-01-26 12:07:23,IP Address,79.168.68.50,100,479,True,2025-01-26 12:07:24,R_2yehb4DIdEq1ztD,,,,,37.0157,-7.936,anonymous,ZH-T,5eb33041025b5d1264d47e00,strongly disbelieve,graduate school (postgraduate),Yes,remain the same,may increase,may decrease,very likely to increase,very likely to decrease,may decrease,definitely increase,definitely increase,very likely to increase,definitely increase,very likely to increase,definitely increase,remain the same,remain the same,very likely to decrease,may decrease
679669ebe6b4f3d248084357,5ce42dbec3f4270001574a15,AWAITING REVIEW,Not Applicable,2025-01-26T16:59:23.961000Z,2025-01-26T17:09:16.614000Z,,2025-01-26T17:09:17.178994Z,593.0,NOCODE,156,Atheist,32,Male,White,Belgium,Belgium,Belgium,French,No,Full-Time,2025-01-26 11:59:26,2025-01-26 12:08:54,IP Address,217.136.199.246,100,568,True,2025-01-26 12:08:55,R_2Nb2cka1oEUxqo3,,,,,50.5107,4.5826,anonymous,ZH-T,5ce42dbec3f4270001574a15,strongly disbelieve,undergraduate (college/University),Yes,may decrease,remain the same,may decrease,remain the same,very likely to decrease,may decrease,very likely to increase,very likely to increase,very likely to increase,may increase,very likely to increase,very likely to increase,very likely to increase,remain the same,very likely to decrease,may decrease
679669f152d1c0720c2dd803,665c492a372cfba059fbeb56,AWAITING REVIEW,Not Applicable,2025-01-26T16:59:35.131000Z,2025-01-26T17:02:05.679000Z,,2025-01-26T17:02:06.162506Z,151.0,NOCODE,558,Atheist,37,Male,White,United Kingdom,United Kingdom,United Kingdom,English,No,Full-Time,2025-01-26 11:59:37,2025-01-26 12:01:49,IP Address,81.141.183.178,100,131,True,2025-01-26 12:01:50,R_8Pup0uaJT0xUEXn,,,,,53.4159,-2.1843,anonymous,ZH-T,665c492a372cfba059fbeb56,strongly disbelieve,high school,Yes,remain the same,may increase,may increase,very likely to increase,may increase,very likely to increase,very likely to increase,definitely increase,very likely to increase,very likely to increase,may increase,very likely to increase,remain the same,may increase,remain the same,may increase
679669f5b2c4df283ad297e4,6169982ceae3a5b9f9176e88,AWAITING REVIEW,Not Applicable,2025-01-26T16:59:37.944000Z,2025-01-26T17:10:18.459000Z,,2025-01-26T17:10:20.000679Z,641.0,NOCODE,393,Atheist,24,Female,White,Russian Federation,Italy,Russian Federation,Russian,Yes,Other,2025-01-26 11:59:44,2025-01-26 12:10:03,IP Address,79.50.96.226,100,619,True,2025-01-26 12:10:04,R_2rUWyEs8OVow9eF,,,,,43.5916,10.4794,anonymous,ZH-T,6169982ceae3a5b9f9176e88,strongly disbelieve,high school,Yes,remain the same,remain the same,remain the same,remain the same,remain the same,remain the same,definitely increase,definitely increase,very likely to increase,may increase,remain the same,may increase,may increase,remain the same,remain the same,may increase
679669f74de638c8ac5d38ca,5f1e9ad4a2104c000bddf79c,AWAITING REVIEW,Not Applicable,2025-01-26T16:59:46.439000Z,2025-01-26T17:04:50.734000Z,,2025-01-26T17:04:51.391837Z,305.0,NOCODE,133,Atheist,24,Male,White,Poland,Poland,Poland,Polish,Yes,Part-Time,2025-01-26 11:59:48,2025-01-26 12:04:33,IP Address,79.163.204.87,100,284,True,2025-01-26 12:04:34,R_2gTIPJD78OIK1wp,,,,,52.4032,16.9264,anonymous,ZH-T,5f1e9ad4a2104c000bddf79c,strongly disbelieve,high school,Yes,remain the same,remain the same,may decrease,very likely to increase,very likely to decrease,remain the same,very likely to increase,very likely to increase,very likely to increase,very likely to increase,remain the same,remain the same,remain the same,remain the same,very likely to decrease,stay the same
679669f8c82947196153ca6c,6743ab323660359aa529920a,AWAITING REVIEW,Not Applicable,2025-01-26T16:59:45.299000Z,2025-01-26T17:03:49.493000Z,,2025-01-26T17:03:50.180893Z,245.0,NOCODE,27,Atheist,38,Female,White,United States,United States,United States,English,No,Full-Time,2025-01-26 11:59:47,2025-01-26 12:03:03,IP Address,136.33.244.210,100,196,True,2025-01-26 12:03:04,R_3T0GhdLymmdGcxz,,,,,38.8868,-94.8223,anonymous,ZH-T,6743ab323660359aa529920a,strongly disbelieve,graduate school (postgraduate),Yes,may decrease,remain the same,may decrease,very likely to decrease,very likely to decrease,may decrease,very likely to increase,very likely to increase,very likely to increase,very likely to increase,remain the same,remain the same,remain the same,remain the same,very likely to decrease,very likely to decrease
679669facf1e385262b59099,664b698fef706ea563bdc730,AWAITING REVIEW,Not Applicable,2025-01-26T16:59:38.213000Z,2025-01-26T17:05:23.077000Z,,2025-01-26T17:05:23.828502Z,345.0,NOCODE,119,Atheist,20,Male,White,Sweden,Sweden,Sweden,Swedish,Yes,Part-Time,2025-01-26 11:59:40,2025-01-26 12:05:12,IP Address,83.248.231.106,100,331,True,2025-01-26 12:05:12,R_8t2TaVjMx7nKlPS,,,,,59.3274,18.0653,anonymous,ZH-T,664b698fef706ea563bdc730,strongly disbelieve,high school,Yes,remain the same,may decrease,remain the same,remain the same,may decrease,remain the same,definitely increase,definitely increase,will definitely increase,very likely to increase,remain the same,may increase,remain the same,remain the same,may decrease,definitely increase
679669fe7715a696775a3931,60f9e5fdb753010b9fff46e3,AWAITING REVIEW,Not Applicable,2025-01-26T16:59:42.578000Z,2025-01-26T17:03:43.384000Z,,2025-01-26T17:03:44.453881Z,241.0,NOCODE,711,Atheist,26,Female,White,Spain,Spain,Spain,Spanish,Yes,Unemployed (and job seeking),2025-01-26 11:59:45,2025-01-26 12:03:28,IP Address,46.222.184.68,100,223,True,2025-01-26 12:03:29,R_88PjqYh8qkpOdGN,,,,,40.4172,-3.684,anonymous,ZH-T,60f9e5fdb753010b9fff46e3,strongly disbelieve,graduate school (postgraduate),Yes,remain the same,remain the same,remain the same,remain the same,very likely to decrease,very likely to decrease,very likely to increase,very likely to increase,remain the same,remain the same,may increase,remain the same,may increase,remain the same,may decrease,may decrease
679669ff4e38afaca5e66f1b,5cc8bdd79366c80001eda779,AWAITING REVIEW,Not Applicable,2025-01-26T16:59:49.024000Z,2025-01-26T17:03:43.093000Z,,2025-01-26T17:03:43.764939Z,235.0,NOCODE,1043,Atheist,42,Male,White,Czech Republic,Czech Republic,Czech Republic,Czech,No,Full-Time,2025-01-26 11:59:52,2025-01-26 12:03:19,IP Address,178.22.113.48,100,207,True,2025-01-26 12:03:20,R_2d6DYAujpQTwue5,,,,,49.4795,17.1148,anonymous,ZH-T,5cc8bdd79366c80001eda779,strongly disbelieve,graduate school (postgraduate),Yes,may decrease,remain the same,may decrease,remain the same,may decrease,definitely increase,definitely increase,definitely increase,will definitely increase,definitely increase,may increase,definitely increase,remain the same,remain the same,very likely to decrease,may decrease
679669ffb0e13a938ecc282d,6714efbcefaf4aeb47c5e9e3,AWAITING REVIEW,Not Applicable,2025-01-26T17:00:02.330000Z,2025-01-26T17:10:21.156000Z,,2025-01-26T17:10:21.954745Z,619.0,NOCODE,72,Atheist,50,Male,White,Hungary,Spain,Hungary,Spanish,No,Full-Time,2025-01-26 12:00:04,2025-01-26 12:09:50,IP Address,46.6.57.209,100,585,True,2025-01-26 12:09:50,R_2fHSAyjVUWQBKFc,,,,,39.4676,-0.3771,anonymous,ZH-T,6714efbcefaf4aeb47c5e9e3,strongly disbelieve,high school,Yes,may decrease,remain the same,very likely to decrease,may decrease,definitely decrease,very likely to decrease,definitely increase,remain the same,may increase,may increase,may increase,may increase,remain the same,remain the same,very likely to decrease,may decrease
67966a0231bb720a260544b0,60b7e7db11897639638f15cb,AWAITING REVIEW,Not Applicable,2025-01-26T16:59:46.601000Z,2025-01-26T17:02:40.264000Z,,2025-01-26T17:02:41.119092Z,174.0,NOCODE,337,Atheist,23,Male,White,Portugal,Portugal,Portugal,Portuguese,Yes,Other,2025-01-26 11:59:49,2025-01-26 12:02:27,IP Address,161.230.126.143,100,158,True,2025-01-26 12:02:28,R_8ptk7crlTIOeo3t,,,,,41.3572,-8.5717,anonymous,ZH-T,60b7e7db11897639638f15cb,strongly disbelieve,undergraduate (college/University),Yes,may decrease,may decrease,definitely decrease,definitely decrease,definitely decrease,definitely decrease,very likely to increase,very likely to increase,may increase,very likely to increase,may increase,may increase,remain the same,remain the same,very likely to decrease,very likely to decrease
67966a0590b3a43b586f85ed,652a9e0fce21a1fecfc01f74,AWAITING REVIEW,Not Applicable,2025-01-26T17:00:06.346000Z,2025-01-26T17:08:49.464000Z,,2025-01-26T17:08:50.403799Z,524.0,"Thank you for taking the time to complete this survey. If you have any questions or concerns, please email zehong@um.edu.mo",108,Irreligious,20,Male,White,Greece,Greece,Greece,Greek,Yes,Unemployed (and job seeking),2025-01-26 12:00:08,2025-01-26 12:08:28,IP Address,94.71.245.126,100,499,True,2025-01-26 12:08:28,R_2TsHgbQNeFTwkdr,,,,,39.3616,22.9414,anonymous,ZH-T,652a9e0fce21a1fecfc01f74,somewhat disbelieve,high school,Yes,remain the same,remain the same,may increase,remain the same,may increase,remain the same,definitely increase,definitely increase,very likely to increase,remain the same,remain the same,remain the same,remain the same,remain the same,may increase,very likely to increase
67966a05dcdf3e532c230263,5ef930974bc6e0000848aff7,AWAITING REVIEW,Not Applicable,2025-01-26T16:59:49.887000Z,2025-01-26T17:05:13.567000Z,,2025-01-26T17:05:14.177767Z,324.0,NOCODE,720,Atheist,32,Male,Mixed,Mexico,Mexico,Mexico,Spanish,Yes,Part-Time,2025-01-26 11:59:53,2025-01-26 12:04:47,IP Address,187.132.246.129,100,294,True,2025-01-26 12:04:48,R_7Tzn8YC5JXx8qB3,,,,,20.94,-89.6138,anonymous,ZH-T,5ef930974bc6e0000848aff7,strongly disbelieve,undergraduate (college/University),Yes,remain the same,may increase,remain the same,remain the same,remain the same,may decrease,definitely increase,very likely to increase,very likely to increase,very likely to increase,very likely to increase,remain the same,remain the same,definitely increase,very likely to decrease,definitely decrease
67966a08c5f036a60a46127c,5ffbb9b7fded4e0db634884f,AWAITING REVIEW,Not Applicable,2025-01-26T17:00:01.329000Z,2025-01-26T17:11:08.656000Z,,2025-01-26T17:11:09.332326Z,668.0,NOCODE,729,Atheist,51,Male,White,Canada,Canada,Canada,English,No,Full-Time,2025-01-26 12:00:04,2025-01-26 12:10:42,IP Address,216.181.250.188,100,637,True,2025-01-26 12:10:42,R_6qFo3hRpgOOfNRf,,,,,45.413,-75.7011,anonymous,ZH-T,5ffbb9b7fded4e0db634884f,strongly believe,undergraduate (college/University),Yes,remain the same,remain the same,may decrease,may decrease,may decrease,remain the same,very likely to increase,definitely increase,will definitely increase,definitely increase,may increase,remain the same,remain the same,remain the same,may decrease,may increase
67966a0996acae1112138911,5b9d05862299630001406f88,AWAITING REVIEW,Not Applicable,2025-01-26T17:00:07.208000Z,2025-01-26T17:04:09.781000Z,,2025-01-26T17:04:10.470722Z,243.0,NOCODE,1973,Atheist,65,Female,White,United Kingdom,United Kingdom,United Kingdom,English,No,"Not in paid work (e.g. homemaker', 'retired or disabled)",2025-01-26 12:00:11,2025-01-26 12:03:41,IP Address,80.189.221.255,100,210,True,2025-01-26 12:03:42,R_2OY2uf2JN9gKjBv,,,,,50.7533,-1.6571,anonymous,ZH-T,5b9d05862299630001406f88,strongly disbelieve,high school,Yes,may decrease,remain the same,may decrease,may increase,may decrease,may increase,may increase,definitely increase,may increase,very likely to increase,remain the same,may increase,remain the same,very likely to increase,may decrease,stay the same
67966a0b8fa0bc5012385b8c,6554d113748985a681a5f15c,AWAITING REVIEW,Not Applicable,2025-01-26T16:59:55.041000Z,2025-01-26T17:03:21.501000Z,,2025-01-26T17:03:22.331391Z,207.0,NOCODE,136,Atheist,23,Female,White,Czech Republic,Czech Republic,Czech Republic,Czech,No,Unemployed (and job seeking),2025-01-26 11:59:59,2025-01-26 12:03:08,IP Address,212.20.115.70,100,189,True,2025-01-26 12:03:09,R_8XbKqRtVtP9MzY2,,,,,50.1242,14.398,anonymous,ZH-T,6554d113748985a681a5f15c,strongly disbelieve,high school,Yes,may decrease,remain the same,may decrease,remain the same,may decrease,may decrease,definitely increase,may increase,very likely to increase,very likely to increase,may increase,may increase,remain the same,remain the same,may decrease,stay the same
67966a0bcc8ee056b2cde141,5f3077986a37984e5af7d994,AWAITING REVIEW,Not Applicable,2025-01-26T17:00:01.809000Z,2025-01-26T17:03:18.449000Z,,2025-01-26T17:03:19.679853Z,197.0,NOCODE,724,Atheist,23,Male,White,Poland,Poland,Poland,Polish,No,Unemployed (and job seeking),2025-01-26 12:00:03,2025-01-26 12:03:06,IP Address,91.94.126.213,100,183,True,2025-01-26 12:03:07,R_2PXN41GryPSdf6S,,,,,52.1044,20.6315,anonymous,ZH-T,5f3077986a37984e5af7d994,somewhat disbelieve,high school,Yes,may decrease,remain the same,very likely to decrease,may decrease,may decrease,remain the same,very likely to increase,may increase,may increase,very likely to increase,may increase,may increase,very likely to increase,definitely increase,may decrease,stay the same
67966a0e6e9dc3c05c923298,664f3e9464fc43338349d6b3,AWAITING REVIEW,Not Applicable,2025-01-26T16:59:58.953000Z,2025-01-26T17:03:16.787000Z,,2025-01-26T17:03:17.564929Z,198.0,NOCODE,95,Atheist,33,Female,White,Poland,Poland,Poland,Polish,No,Full-Time,2025-01-26 12:00:01,2025-01-26 12:02:55,IP Address,109.207.146.65,100,174,True,2025-01-26 12:02:56,R_2Wa7GzBzt2WzOUN,,,,,54.0888,18.7783,anonymous,ZH-T,664f3e9464fc43338349d6b3,unsure,high school,Yes,may decrease,may decrease,may decrease,may decrease,may decrease,may increase,very likely to increase,definitely increase,may increase,may increase,may increase,remain the same,remain the same,remain the same,may decrease,may decrease
67966a0f1e640ff166f1d1f4,605e9924e4020478378555d4,AWAITING REVIEW,Not Applicable,2025-01-26T17:00:24.545000Z,2025-01-26T17:08:22.067000Z,,2025-01-26T17:08:22.710779Z,478.0,NOCODE,635,Atheist,28,Male,White,Poland,Poland,Poland,Polish,No,Full-Time,2025-01-26 12:00:28,2025-01-26 12:07:49,IP Address,31.0.89.88,100,441,True,2025-01-26 12:07:50,R_22sty4ix5NyX4g9,,,,,52.2189,20.9841,anonymous,ZH-T,605e9924e4020478378555d4,strongly disbelieve,undergraduate (college/University),Yes,remain the same,remain the same,may decrease,definitely increase,very likely to decrease,definitely increase,definitely increase,definitely increase,will definitely increase,definitely increase,remain the same,remain the same,remain the same,remain the same,may decrease,definitely increase
67966a13c98d0d2bce41be25,667efa9f54b235e9874a02d2,AWAITING REVIEW,Not Applicable,2025-01-26T17:00:26.324000Z,2025-01-26T17:05:27.295000Z,,2025-01-26T17:05:28.095752Z,301.0,NOCODE,34,Atheist,24,Male,White,Czech Republic,Czech Republic,Czech Republic,Czech,No,Full-Time,2025-01-26 12:00:29,2025-01-26 12:05:13,IP Address,89.24.34.64,100,284,True,2025-01-26 12:05:14,R_2dJ9gy9VJdx5MQN,,,,,50.0766,14.4464,anonymous,ZH-T,667efa9f54b235e9874a02d2,somewhat disbelieve,high school,Yes,may decrease,may decrease,may decrease,may increase,may decrease,very likely to increase,definitely increase,very likely to increase,remain the same,very likely to increase,may increase,remain the same,remain the same,remain the same,may decrease,stay the same
67966a14e6b4f3d248084363,5968b8040e679d0001fabd89,AWAITING REVIEW,Not Applicable,2025-01-26T17:00:08.617000Z,2025-01-26T17:03:52.688000Z,,2025-01-26T17:03:53.562333Z,225.0,NOCODE,1125,Atheist,42,Male,White,Portugal,Portugal,Portugal,Portuguese,No,Full-Time,2025-01-26 12:00:10,2025-01-26 12:03:41,IP Address,95.95.182.17,100,211,True,2025-01-26 12:03:43,R_2YKdphikHpMS8oG,,,,,38.8691,-9.0656,anonymous,ZH-T,5968b8040e679d0001fabd89,strongly disbelieve,undergraduate (college/University),Yes,remain the same,remain the same,may decrease,may decrease,may decrease,may decrease,definitely increase,definitely increase,will definitely increase,definitely increase,very likely to increase,may increase,may increase,may increase,very likely to decrease,stay the same
67966a167690f70b52c29be5,5b02f78c5b832b0001650a71,AWAITING REVIEW,Not Applicable,2025-01-26T17:00:29.037000Z,2025-01-26T17:04:32.649000Z,,2025-01-26T17:04:33.623768Z,244.0,NOCODE,254,Atheist,28,Male,White,Poland,Poland,Poland,Polish,No,Unemployed (and job seeking),2025-01-26 12:00:30,2025-01-26 12:04:15,IP Address,88.156.128.18,100,224,True,2025-01-26 12:04:16,R_2XncMXnc1caRwLl,,,,,52.2078,20.9976,anonymous,ZH-T,5b02f78c5b832b0001650a71,strongly disbelieve,vocational/technical school,Yes,remain the same,remain the same,may decrease,may increase,may decrease,may increase,may increase,very likely to increase,very likely to increase,very likely to increase,may increase,may increase,may increase,very likely to increase,may decrease,very likely to increase
67966a176a290025295f2322,66a63cb65a6d17798aaa907c,AWAITING REVIEW,Not Applicable,2025-01-26T17:00:14.729000Z,2025-01-26T17:03:43.955000Z,,2025-01-26T17:03:44.600796Z,210.0,NOCODE,141,Atheist,31,Male,White,Norway,Norway,Norway,Norwegian,DATA_EXPIRED,Full-Time,2025-01-26 12:00:16,2025-01-26 12:03:28,IP Address,84.213.176.162,100,192,True,2025-01-26 12:03:29,R_8gMldPzueaRP2mh,,,,,59.4116,5.2677,anonymous,ZH-T,66a63cb65a6d17798aaa907c,strongly disbelieve,graduate school (postgraduate),Yes,remain the same,remain the same,remain the same,remain the same,remain the same,remain the same,may increase,very likely to increase,may increase,may increase,may increase,very likely to increase,remain the same,remain the same,remain the same,may increase
67966a18fab677a0d4d6b458,5aeae2bbf00c7f00018f784c,AWAITING REVIEW,Not Applicable,2025-01-26T17:00:15.846000Z,2025-01-26T17:17:46.648000Z,,2025-01-26T17:17:47.512179Z,1051.0,NOCODE,606,Atheist,28,Female,White,United Kingdom,United Kingdom,United Kingdom,English,No,Full-Time,2025-01-26 12:00:21,2025-01-26 12:03:08,IP Address,86.15.246.239,100,167,True,2025-01-26 12:03:09,R_8GDeZW8f3izWtDv,,,,,52.9875,-2.1803,anonymous,ZH-T,5aeae2bbf00c7f00018f784c,somewhat disbelieve,graduate school (postgraduate),Yes,may decrease,may decrease,may decrease,may increase,very likely to decrease,may decrease,definitely increase,definitely increase,may increase,may decrease,very likely to increase,may increase,may increase,may increase,very likely to decrease,stay the same
67966a1d31bb720a260544be,65c7e8ec2fc3afbaa35438e2,AWAITING REVIEW,Not Applicable,2025-01-26T17:00:25.389000Z,2025-01-26T17:19:22.534000Z,,2025-01-26T17:19:23.252907Z,1138.0,NOCODE,164,Atheist,22,Female,White,Hungary,Hungary,Hungary,Hungarian,Yes,Unemployed (and job seeking),2025-01-26 12:00:27,2025-01-26 12:19:04,IP Address,89.134.29.204,100,1116,True,2025-01-26 12:19:05,R_24PuRFfmkXmdhUB,,,,,47.5,19.0412,anonymous,ZH-T,65c7e8ec2fc3afbaa35438e2,strongly disbelieve,high school,Yes,very likely to decrease,definitely decrease,may decrease,remain the same,very likely to decrease,remain the same,very likely to increase,very likely to increase,may increase,very likely to increase,very likely to increase,may decrease,remain the same,very likely to increase,definitely decrease,very likely to decrease
67966a1f8218a6603316620d,5b6034ba0ced0a00017ba9b9,AWAITING REVIEW,Not Applicable,2025-01-26T17:00:19.728000Z,2025-01-26T17:05:53.067000Z,,2025-01-26T17:05:54.085652Z,334.0,NOCODE,480,Irreligious,43,Male,White,Greece,Greece,Greece,Greek,No,Full-Time,2025-01-26 12:00:22,2025-01-26 12:05:36,IP Address,89.210.101.30,100,314,True,2025-01-26 12:05:37,R_2CU0R60E1dSyrkF,,,,,37.9842,23.7353,anonymous,ZH-T,5b6034ba0ced0a00017ba9b9,strongly disbelieve,undergraduate (college/University),Yes,remain the same,very likely to increase,may decrease,remain the same,may decrease,remain the same,may increase,very likely to increase,very likely to increase,may increase,may increase,remain the same,remain the same,remain the same,very likely to decrease,may increase
67966a205e48f7ac951d1d06,666306b0bf2de127943c419f,AWAITING REVIEW,Not Applicable,2025-01-26T17:06:24.846000Z,2025-01-26T17:11:34.456000Z,,2025-01-26T17:11:35.849333Z,310.0,NOCODE,111,Atheist,23,Male,White,Poland,Poland,Poland,Polish,Yes,Unemployed (and job seeking),2025-01-26 12:06:25,2025-01-26 12:11:16,IP Address,79.184.230.133,100,290,True,2025-01-26 12:11:17,R_8nPnNfiw67cxndn,,,,,51.2431,22.5372,anonymous,ZH-T,666306b0bf2de127943c419f,somewhat disbelieve,undergraduate (college/University),Yes,remain the same,remain the same,may decrease,may decrease,remain the same,very likely to increase,definitely increase,definitely increase,may increase,very likely to increase,may increase,may increase,may increase,very likely to increase,may decrease,may decrease
67966a2265896c37ba595828,664fa8a5268a03c0e0fb46f4,AWAITING REVIEW,Not Applicable,2025-01-26T17:00:26.613000Z,2025-01-26T17:03:56.481000Z,,2025-01-26T17:03:57.349340Z,210.0,664fa8a5268a03c0e0fb46f4,112,Atheist,35,Female,White,United Kingdom,United Kingdom,United Kingdom,English,No,Part-Time,2025-01-26 12:00:29,2025-01-26 12:03:28,IP Address,51.191.132.182,100,179,True,2025-01-26 12:03:29,R_2Ho4UXGrLazBYv4,,,,,52.118,-0.56,anonymous,ZH-T,664fa8a5268a03c0e0fb46f4,strongly disbelieve,undergraduate (college/University),Yes,remain the same,remain the same,may decrease,may decrease,may decrease,may decrease,definitely increase,definitely increase,may increase,very likely to increase,very likely to increase,very likely to increase,very likely to increase,very likely to increase,may decrease,stay the same
67966a24e88fdf09ab432949,6492c23a1a7735dfaab2b095,AWAITING REVIEW,Not Applicable,2025-01-26T17:01:03.712000Z,2025-01-26T17:04:08.357000Z,,2025-01-26T17:04:09.105153Z,185.0,NOCODE,293,Atheist,20,Male,Asian,Portugal,Portugal,China,English,Yes,Full-Time,2025-01-26 12:01:06,2025-01-26 12:03:55,IP Address,193.136.33.132,100,169,True,2025-01-26 12:03:56,R_2K29qkBIc6Sm7rG,,,,,41.1459,-8.6169,anonymous,ZH-T,6492c23a1a7735dfaab2b095,strongly disbelieve,undergraduate (college/University),Yes,very likely to decrease,very likely to decrease,may decrease,may decrease,very likely to decrease,may decrease,definitely increase,definitely increase,may increase,very likely to increase,may increase,may increase,very likely to increase,may increase,definitely decrease,very likely to decrease
67966a2878729461cd8e59ad,65a68ae79a480cc6d7032d85,AWAITING REVIEW,Not Applicable,2025-01-26T17:00:24.620000Z,2025-01-26T17:05:32.780000Z,,2025-01-26T17:05:33.666847Z,309.0,NOCODE,135,Atheist,21,Male,Other,Chile,Chile,Chile,Spanish,Yes,Unemployed (and job seeking),2025-01-26 12:00:27,2025-01-26 12:05:01,IP Address,186.11.110.142,100,273,True,2025-01-26 12:05:02,R_5uJz4eNxihZNWSf,,,,,-33.4521,-70.6536,anonymous,ZH-T,65a68ae79a480cc6d7032d85,strongly disbelieve,undergraduate (college/University),Yes,may decrease,remain the same,may decrease,may decrease,very likely to decrease,may decrease,definitely increase,definitely increase,very likely to increase,definitely increase,may increase,definitely increase,remain the same,very likely to increase,very likely to decrease,definitely decrease
67966a2c237b1c5c6d49580c,5d6e3252dfe6d10001dbe508,AWAITING REVIEW,Not Applicable,2025-01-26T17:00:31.994000Z,2025-01-26T17:07:10.857000Z,,2025-01-26T17:07:11.615193Z,399.0,NOCODE,1680,Atheist,29,Male,White,Poland,Poland,Poland,Polish,No,Full-Time,2025-01-26 12:00:33,2025-01-26 12:06:26,IP Address,94.101.26.104,100,353,True,2025-01-26 12:06:27,R_8U4Sc7xvqS35Bqb,,,,,53.0695,17.9048,anonymous,ZH-T,5d6e3252dfe6d10001dbe508,strongly disbelieve,graduate school (postgraduate),Yes,may decrease,may decrease,may decrease,may increase,may decrease,may decrease,definitely increase,very likely to increase,may increase,very likely to increase,remain the same,remain the same,remain the same,remain the same,very likely to decrease,definitely decrease
67966a2d061e6a1f7aa550f8,668bf49fd73826a624317886,AWAITING REVIEW,Not Applicable,2025-01-26T17:00:40.218000Z,2025-01-26T17:04:33.898000Z,,2025-01-26T17:04:34.723782Z,234.0,NOCODE,87,Atheist,32,Male,White,Poland,Poland,Poland,Polish,No,Unemployed (and job seeking),2025-01-26 12:00:42,2025-01-26 12:04:21,IP Address,94.254.174.13,100,218,True,2025-01-26 12:04:21,R_2fkhgKfhcxIXp5M,,,,,52.2394,21.0362,anonymous,ZH-T,668bf49fd73826a624317886,strongly disbelieve,graduate school (postgraduate),Yes,may decrease,may decrease,remain the same,remain the same,very likely to decrease,very likely to decrease,definitely increase,definitely increase,may increase,may increase,very likely to increase,very likely to increase,remain the same,remain the same,may decrease,may decrease
67966a2e048662076afe099b,64a7d9ea7795f1dd1c16adca,AWAITING REVIEW,Not Applicable,2025-01-26T17:01:46.745000Z,2025-01-26T17:04:50.827000Z,,2025-01-26T17:04:51.543601Z,185.0,NOCODE,449,Atheist,21,Male,White,Poland,Poland,Poland,Polish,Yes,Part-Time,2025-01-26 12:01:48,2025-01-26 12:04:40,IP Address,83.168.77.9,100,171,True,2025-01-26 12:04:40,R_8eEKo7zB8CjEMIj,,,,,51.0957,17.0176,anonymous,ZH-T,64a7d9ea7795f1dd1c16adca,strongly disbelieve,undergraduate (college/University),Yes,remain the same,very likely to increase,remain the same,very likely to increase,may decrease,remain the same,very likely to increase,may increase,very likely to increase,very likely to increase,remain the same,very likely to increase,remain the same,very likely to increase,may increase,definitely increase
67966a308283b039d7180301,613f57084e80f056c78f9b7b,AWAITING REVIEW,Not Applicable,2025-01-26T17:06:01.944000Z,2025-01-26T17:11:22.907000Z,,2025-01-26T17:11:24.652700Z,321.0,NOCODE,449,Irreligious,27,Male,Mixed,South Africa,South Africa,South Africa,Afrikaans,No,Unemployed (and job seeking),2025-01-26 12:06:06,2025-01-26 12:10:59,IP Address,196.41.10.80,100,293,True,2025-01-26 12:10:59,R_2mUS44LmEjNGDeN,,,,,-26.2309,28.0583,anonymous,ZH-T,613f57084e80f056c78f9b7b,somewhat disbelieve,high school,Yes,may decrease,very likely to increase,remain the same,definitely increase,may decrease,very likely to increase,definitely increase,definitely increase,very likely to increase,definitely increase,very likely to increase,very likely to increase,may increase,may increase,may decrease,may increase
67966a31e7372bfdcd1b80b6,66ad0ba74144a944c514c772,AWAITING REVIEW,Not Applicable,2025-01-26T17:00:39.306000Z,2025-01-26T17:03:08.619000Z,,2025-01-26T17:03:09.454756Z,150.0,NOCODE,65,Atheist,22,Female,White,United Kingdom,United Kingdom,United Kingdom,English,Yes,Other,2025-01-26 12:00:40,2025-01-26 12:02:57,IP Address,137.205.73.18,100,136,True,2025-01-26 12:02:58,R_2FfUfhDm4W2etvf,,,,,52.382,-1.5874,anonymous,ZH-T,66ad0ba74144a944c514c772,somewhat disbelieve,undergraduate (college/University),Yes,may decrease,may increase,very likely to decrease,remain the same,definitely decrease,may increase,very likely to increase,definitely increase,very likely to increase,very likely to increase,may increase,may increase,may increase,very likely to increase,very likely to decrease,definitely increase
67966a328fa0bc5012385b9a,610aadf3dc6d9b1de02c4a39,AWAITING REVIEW,Not Applicable,2025-01-26T17:00:42.191000Z,2025-01-26T17:06:45.342000Z,,2025-01-26T17:06:45.987424Z,364.0,NOCODE,981,Atheist,66,Female,White,United Kingdom,United Kingdom,United Kingdom,English,No,"Not in paid work (e.g. homemaker', 'retired or disabled)",2025-01-26 12:00:45,2025-01-26 12:06:21,IP Address,81.100.231.25,100,336,True,2025-01-26 12:06:22,R_24NMJHqFrn1mYxP,,,,,53.5651,-0.6375,anonymous,ZH-T,610aadf3dc6d9b1de02c4a39,strongly disbelieve,vocational/technical school,Yes,remain the same,may increase,remain the same,definitely increase,may decrease,may decrease,may increase,definitely increase,very likely to increase,definitely increase,may increase,very likely to increase,may increase,definitely increase,remain the same,may increase
67966a3366fe5152b6c87710,5f7446aa98879409f7b6c66c,AWAITING REVIEW,Not Applicable,2025-01-26T17:00:42.191000Z,2025-01-26T17:05:16.575000Z,,2025-01-26T17:05:17.507929Z,275.0,NOCODE,679,Atheist,26,Female,White,France,France,France,French,No,Full-Time,2025-01-26 12:00:44,2025-01-26 12:05:01,IP Address,81.65.145.50,100,257,True,2025-01-26 12:05:02,R_8SCvcbsdQ249Sju,,,,,48.9129,2.1319,anonymous,ZH-T,5f7446aa98879409f7b6c66c,strongly disbelieve,undergraduate (college/University),Yes,remain the same,very likely to increase,remain the same,may increase,remain the same,very likely to increase,definitely increase,definitely increase,very likely to increase,definitely increase,remain the same,remain the same,remain the same,remain the same,remain the same,definitely increase
67966a396352c6129b41bef7,674ce3dd2f75d86f56c163a0,AWAITING REVIEW,Not Applicable,2025-01-26T17:00:47.476000Z,2025-01-26T17:04:20.824000Z,,2025-01-26T17:04:22.506246Z,214.0,NOCODE,66,Atheist,32,Male,White,United States,United States,United States,English,Yes,Full-Time,2025-01-26 12:00:50,2025-01-26 12:03:58,IP Address,100.10.47.9,100,188,True,2025-01-26 12:03:59,R_57ajqPf7wQXcP6M,,,,,41.701,-71.5194,anonymous,ZH-T,674ce3dd2f75d86f56c163a0,somewhat disbelieve,graduate school (postgraduate),Yes,remain the same,very likely to increase,very likely to decrease,may decrease,may decrease,very likely to increase,definitely increase,definitely increase,will definitely increase,definitely increase,definitely increase,definitely increase,very likely to increase,definitely increase,may decrease,stay the same
67966a3e6be00b6a3b77f9ed,669a8c45c42fb588d9caa484,AWAITING REVIEW,Not Applicable,2025-01-26T17:00:57.053000Z,2025-01-26T17:05:42.956000Z,,2025-01-26T17:05:43.582209Z,286.0,NOCODE,124,Atheist,25,Male,Asian,Cambodia,France,Cambodia,Khmer,No,Full-Time,2025-01-26 12:00:59,2025-01-26 12:05:25,IP Address,46.193.66.215,100,266,True,2025-01-26 12:05:26,R_2FjJVEKZFPpAc2l,,,,,43.6046,1.4451,anonymous,ZH-T,669a8c45c42fb588d9caa484,unsure,undergraduate (college/University),Yes,very likely to decrease,may decrease,remain the same,may increase,may decrease,may increase,definitely increase,definitely increase,will definitely increase,definitely increase,definitely increase,definitely increase,may increase,definitely increase,very likely to decrease,may decrease
67966a3fb19abb3e386664aa,60eee201a7ffc5b0e034e73e,AWAITING REVIEW,Not Applicable,2025-01-26T17:00:54.671000Z,2025-01-26T17:04:54.867000Z,,2025-01-26T17:04:56.021566Z,241.0,NOCODE,254,Atheist,26,Male,White,Portugal,Portugal,Portugal,Portuguese,Yes,Full-Time,2025-01-26 12:00:56,2025-01-26 12:04:35,IP Address,94.63.112.59,100,219,True,2025-01-26 12:04:36,R_2OIUmvRVTcoHBxR,,,,,38.7219,-9.1398,anonymous,ZH-T,60eee201a7ffc5b0e034e73e,strongly disbelieve,high school,Yes,remain the same,remain the same,may decrease,may decrease,very likely to decrease,may decrease,very likely to increase,very likely to increase,very likely to increase,very likely to increase,very likely to increase,may increase,remain the same,remain the same,very likely to decrease,may decrease
67966a4099dfb1e7a5fe07f5,66ca2e8739233dcedfa41ba1,AWAITING REVIEW,Not Applicable,2025-01-26T17:00:59.919000Z,2025-01-26T17:08:07.639000Z,,2025-01-26T17:08:08.580655Z,428.0,NOCODE,59,Atheist,23,Male,White,Romania,Hungary,Hungary,Hungarian,Yes,Full-Time,2025-01-26 12:01:14,2025-01-26 12:07:50,IP Address,86.59.205.59,100,395,True,2025-01-26 12:07:51,R_2fy0ueuvcwhApIi,,,,,47.5,19.0412,anonymous,ZH-T,66ca2e8739233dcedfa41ba1,strongly disbelieve,undergraduate (college/University),Yes,may decrease,very likely to decrease,definitely decrease,may decrease,may decrease,may decrease,may increase,very likely to increase,may increase,may increase,remain the same,may increase,remain the same,remain the same,remain the same,definitely increase
67966a4171fc9e1ab2917bba,60267f9883e25930ddac4e5c,AWAITING REVIEW,Not Applicable,2025-01-26T17:00:54.366000Z,2025-01-26T17:05:39.434000Z,,2025-01-26T17:05:40.242687Z,286.0,NOCODE,639,Atheist,26,Male,White,United Kingdom,United Kingdom,United Kingdom,English,No,Full-Time,2025-01-26 12:00:56,2025-01-26 12:05:30,IP Address,90.252.120.5,100,273,True,2025-01-26 12:05:31,R_8M6TZ7s3ATDHt1D,,,,,51.5936,-0.1463,anonymous,ZH-T,60267f9883e25930ddac4e5c,strongly disbelieve,undergraduate (college/University),Yes,may increase,remain the same,remain the same,remain the same,may decrease,remain the same,remain the same,may increase,remain the same,remain the same,remain the same,remain the same,remain the same,may increase,remain the same,may increase
67966a419cc299a11878005b,661ff24e9467d613b27d05ac,AWAITING REVIEW,Not Applicable,2025-01-26T17:01:19.823000Z,2025-01-26T17:04:44.979000Z,,2025-01-26T17:04:45.654081Z,206.0,NOCODE,236,Atheist,28,Male,White,Slovakia,Slovakia,Slovakia,Slovak,No,Full-Time,2025-01-26 12:01:21,2025-01-26 12:04:34,IP Address,188.167.250.70,100,193,True,2025-01-26 12:04:34,R_8dzH2UGwddQdbIh,,,,,48.157,17.0915,anonymous,ZH-T,661ff24e9467d613b27d05ac,somewhat disbelieve,undergraduate (college/University),Yes,remain the same,remain the same,remain the same,may increase,may decrease,may increase,very likely to increase,may increase,may increase,may increase,may increase,may increase,remain the same,remain the same,may decrease,may decrease
67966a4226638118fa294a79,607ea5504e74d104da5a108a,AWAITING REVIEW,Not Applicable,2025-01-26T17:00:59.113000Z,2025-01-26T17:03:34.475000Z,,2025-01-26T17:03:35.135842Z,156.0,NOCODE,578,Atheist,24,Male,White,Poland,Poland,Poland,Polish,No,Unemployed (and job seeking),2025-01-26 12:01:03,2025-01-26 12:03:25,IP Address,178.37.47.165,100,141,True,2025-01-26 12:03:26,R_8tzAD2BxK43oflY,,,,,51.1042,17.0128,anonymous,ZH-T,607ea5504e74d104da5a108a,somewhat disbelieve,undergraduate (college/University),Yes,very likely to decrease,may decrease,definitely decrease,definitely decrease,definitely decrease,definitely decrease,definitely increase,very likely to increase,very likely to increase,may increase,may increase,remain the same,may increase,remain the same,very likely to decrease,may decrease
67966a44b2c4df283ad297fe,5b376f54cf5e6a00018309ef,AWAITING REVIEW,Not Applicable,2025-01-26T17:00:52.608000Z,2025-01-26T17:08:28.572000Z,,2025-01-26T17:08:29.247202Z,456.0,NOCODE,1176,Atheist,37,Male,White,Spain,Spain,Spain,Spanish,No,Full-Time,2025-01-26 12:01:20,2025-01-26 12:08:15,IP Address,91.151.110.168,100,414,True,2025-01-26 12:08:16,R_2ER6fLabORaUiCJ,,,,,38.2668,-5.1943,anonymous,ZH-T,5b376f54cf5e6a00018309ef,strongly disbelieve,high school,Yes,remain the same,may increase,remain the same,remain the same,remain the same,remain the same,very likely to increase,very likely to increase,will definitely increase,very likely to increase,may increase,may increase,remain the same,may increase,remain the same,may increase
67966a49228c001586e8d31c,5fe230ee29598a57972db630,AWAITING REVIEW,Not Applicable,2025-01-26T17:04:14.571000Z,2025-01-26T17:07:01.183000Z,,2025-01-26T17:07:02.302868Z,167.0,NOCODE,1344,Atheist,32,Male,White,Italy,Italy,Italy,Italian,No,Full-Time,2025-01-26 12:04:22,2025-01-26 12:06:45,IP Address,188.216.37.89,100,143,True,2025-01-26 12:06:46,R_2Uk3FGj0f8mKWoF,,,,,44.9943,9.0202,anonymous,ZH-T,5fe230ee29598a57972db630,strongly disbelieve,graduate school (postgraduate),Yes,may decrease,very likely to increase,may decrease,very likely to increase,may decrease,very likely to increase,definitely increase,definitely increase,very likely to increase,definitely increase,very likely to increase,remain the same,may increase,may increase,may decrease,very likely to increase
67966a4f8edaf4e723b0604d,5f678ef073bbcf3a7a52b59d,AWAITING REVIEW,Not Applicable,2025-01-26T17:01:14.063000Z,2025-01-26T17:04:04.512000Z,,2025-01-26T17:04:05.457686Z,171.0,NOCODE,24,Atheist,29,Male,Asian,Hong Kong,United Kingdom,United Kingdom,Chinese,No,Full-Time,2025-01-26 12:01:17,2025-01-26 12:03:51,IP Address,92.41.182.137,100,153,True,2025-01-26 12:03:51,R_8oBBwk7fdn3FdTU,,,,,51.536,-0.0925,anonymous,ZH-T,5f678ef073bbcf3a7a52b59d,strongly disbelieve,undergraduate (college/University),Yes,may decrease,remain the same,remain the same,remain the same,may decrease,may decrease,very likely to increase,very likely to increase,may increase,very likely to increase,remain the same,remain the same,remain the same,remain the same,remain the same,definitely increase
67966a54de8f6964ea9c6431,655234dac4a9403e88e89e6b,AWAITING REVIEW,Not Applicable,2025-01-26T17:06:14.172000Z,2025-01-26T17:14:24.954000Z,,2025-01-26T17:14:25.581831Z,491.0,NOCODE,55,Atheist,19,Male,White,Austria,Austria,Austria,German,Yes,Part-Time,2025-01-26 12:06:16,2025-01-26 12:08:41,IP Address,213.225.9.135,100,145,True,2025-01-26 12:08:42,R_8mzq8V8wFnAW7f3,,,,,48.1535,16.3855,anonymous,ZH-T,655234dac4a9403e88e89e6b,strongly disbelieve,undergraduate (college/University),Yes,may decrease,may decrease,may decrease,remain the same,very likely to decrease,may increase,very likely to increase,very likely to increase,very likely to increase,very likely to increase,may increase,may increase,may increase,remain the same,very likely to decrease,stay the same
67966a55228c001586e8d31e,5ea8b5e215996a31e80e5fac,AWAITING REVIEW,Not Applicable,2025-01-26T17:01:16.383000Z,2025-01-26T17:11:43.185000Z,,2025-01-26T17:11:43.909921Z,627.0,NOCODE,123,Atheist,33,Male,White,Ireland,Ireland,Ireland,English,No,Full-Time,2025-01-26 12:01:18,2025-01-26 12:11:32,IP Address,51.171.251.109,100,614,True,2025-01-26 12:11:34,R_8mn0aKNGylfN2Le,,,,,53.3288,-8.2151,anonymous,ZH-T,5ea8b5e215996a31e80e5fac,strongly disbelieve,graduate school (postgraduate),Yes,may decrease,may increase,remain the same,may increase,very likely to decrease,may decrease,very likely to increase,very likely to increase,very likely to increase,very likely to increase,may increase,may increase,remain the same,remain the same,very likely to decrease,definitely increase
67966a56fa038fb50ef95a87,6307a8dc7ac0c8026ec12eb9,AWAITING REVIEW,Not Applicable,2025-01-26T17:01:15.564000Z,2025-01-26T17:05:39.820000Z,,2025-01-26T17:05:40.528748Z,265.0,NOCODE,1184,Atheist,60,Female,White,United Kingdom,United Kingdom,United Kingdom,English,No,Full-Time,2025-01-26 12:01:19,2025-01-26 12:05:01,IP Address,213.122.239.110,100,222,True,2025-01-26 12:05:02,R_8JzFysuNVKBmYoN,,,,,50.8429,-0.1158,anonymous,ZH-T,6307a8dc7ac0c8026ec12eb9,strongly disbelieve,graduate school (postgraduate),Yes,may decrease,may decrease,may increase,very likely to increase,may decrease,very likely to increase,remain the same,may increase,remain the same,may increase,remain the same,remain the same,remain the same,remain the same,very likely to increase,stay the same
67966a584cf29ddaa12d6620,5fb560596962c203baf6574e,AWAITING REVIEW,Not Applicable,2025-01-26T17:01:16.871000Z,2025-01-26T17:05:23.233000Z,,2025-01-26T17:05:23.979378Z,247.0,NOCODE,603,Atheist,23,Male,White,Italy,Italy,Italy,Italian,Yes,Other,2025-01-26 12:01:20,2025-01-26 12:05:06,IP Address,93.68.151.255,100,226,True,2025-01-26 12:05:07,R_2rMUtNRwSiz3ZWS,,,,,45.4722,9.1922,anonymous,ZH-T,5fb560596962c203baf6574e,strongly disbelieve,undergraduate (college/University),Yes,remain the same,remain the same,very likely to decrease,may decrease,very likely to decrease,may decrease,very likely to increase,very likely to increase,may increase,may increase,may increase,may increase,may increase,may increase,very likely to decrease,may decrease
67966a5c6fc9d78ee55d3674,65aa84da0e7902b934faa098,AWAITING REVIEW,Not Applicable,2025-01-26T17:01:20.038000Z,2025-01-26T17:02:56.646000Z,,2025-01-26T17:02:57.408518Z,97.0,NOCODE,252,Irreligious,24,Male,White,Germany,Germany,Germany,German,Yes,Due to start a new job within the next month,2025-01-26 12:01:21,2025-01-26 12:02:48,IP Address,46.5.255.129,100,86,True,2025-01-26 12:02:49,R_2ziS0lXmVaKP9f4,,,,,48.5099,9.2104,anonymous,ZH-T,65aa84da0e7902b934faa098,strongly disbelieve,graduate school (postgraduate),Yes,very likely to decrease,very likely to decrease,very likely to decrease,very likely to increase,very likely to increase,may increase,definitely increase,definitely increase,very likely to increase,very likely to increase,remain the same,remain the same,very likely to increase,may increase,definitely decrease,definitely decrease
67966a5e355b9a5fa8d93e8c,66ae37696279501b1155b24d,AWAITING REVIEW,Not Applicable,2025-01-26T17:03:34.611000Z,2025-01-26T17:14:19.321000Z,,2025-01-26T17:14:19.964793Z,645.0,NOCODE,280,Atheist,33,Female,White,United Kingdom,United Kingdom,United Kingdom,English,No,Full-Time,2025-01-26 12:03:43,2025-01-26 12:14:02,IP Address,157.125.17.225,100,618,True,2025-01-26 12:14:03,R_27AJP6pD0vfvjQl,,,,,51.6509,-0.1439,anonymous,ZH-T,66ae37696279501b1155b24d,somewhat disbelieve,undergraduate (college/University),Yes,very likely to decrease,may increase,may decrease,may increase,very likely to decrease,may increase,definitely increase,definitely increase,very likely to increase,very likely to increase,may increase,very likely to increase,remain the same,remain the same,very likely to decrease,may increase
67966a6cb2c4df283ad29803,5e9f17824990bd08425ff5dc,AWAITING REVIEW,Not Applicable,2025-01-26T17:01:42.281000Z,2025-01-26T17:05:32.241000Z,,2025-01-26T17:05:33.022437Z,230.0,NOCODE,267,Atheist,38,Male,White,Canada,Canada,Canada,English,No,Full-Time,2025-01-26 12:01:44,2025-01-26 12:04:50,IP Address,24.64.112.96,100,186,True,2025-01-26 12:04:51,R_3LXa7ULaAA4cAlc,,,,,50.9804,-114.1015,anonymous,ZH-T,5e9f17824990bd08425ff5dc,strongly disbelieve,undergraduate (college/University),Yes,very likely to decrease,may decrease,very likely to decrease,very likely to decrease,very likely to decrease,may decrease,may increase,remain the same,may increase,remain the same,may increase,remain the same,remain the same,remain the same,very likely to decrease,may decrease
67966a6f7690f70b52c29bfd,660d77d13753ffee2191d0bb,AWAITING REVIEW,Not Applicable,2025-01-26T17:01:53.422000Z,2025-01-26T17:05:40.206000Z,,2025-01-26T17:05:40.789837Z,227.0,NOCODE,22,Atheist,28,Female,White,Portugal,Portugal,Portugal,Portuguese,No,Part-Time,2025-01-26 12:01:57,2025-01-26 12:05:29,IP Address,148.71.253.47,100,212,True,2025-01-26 12:05:29,R_82SBpxaPId4J3sj,,,,,41.1765,-8.6877,anonymous,ZH-T,660d77d13753ffee2191d0bb,somewhat disbelieve,high school,Yes,remain the same,may increase,may decrease,may increase,may decrease,may increase,very likely to increase,very likely to increase,may increase,very likely to increase,very likely to increase,definitely increase,very likely to increase,remain the same,may decrease,very likely to increase
67966a6f9221356b2e432bc1,67811f95d57c96ec1ba291ab,AWAITING REVIEW,Not Applicable,2025-01-26T17:01:44.325000Z,2025-01-26T17:06:20.851000Z,,2025-01-26T17:06:21.399686Z,277.0,NOCODE,12,Atheist,51,Male,Mixed,South Africa,South Africa,South Africa,English,No,Full-Time,2025-01-26 12:01:47,2025-01-26 12:05:38,IP Address,197.90.146.56,100,231,True,2025-01-26 12:05:39,R_21PPexbkhXIrtq9,,,,,-26.2309,28.0583,anonymous,ZH-T,67811f95d57c96ec1ba291ab,strongly believe,graduate school (postgraduate),Yes,remain the same,definitely increase,may increase,definitely increase,remain the same,definitely increase,definitely increase,definitely increase,will definitely increase,definitely increase,definitely increase,definitely increase,remain the same,,remain the same,definitely increase
67966a70aef0169627c85be8,5789972670c76a00012433b3,AWAITING REVIEW,Not Applicable,2025-01-26T17:01:40.659000Z,2025-01-26T17:09:06.168000Z,,2025-01-26T17:09:07.024144Z,446.0,NOCODE,2015,Atheist,43,Female,White,Spain,Spain,Spain,Spanish,No,Full-Time,2025-01-26 12:01:44,2025-01-26 12:08:50,IP Address,188.26.197.131,100,425,True,2025-01-26 12:08:51,R_8SfbWUOB7m8BzLY,,,,,40.2308,-3.7601,anonymous,ZH-T,5789972670c76a00012433b3,strongly disbelieve,high school,Yes,definitely decrease,very likely to decrease,definitely decrease,definitely decrease,definitely decrease,definitely decrease,definitely increase,definitely increase,will definitely increase,definitely increase,very likely to increase,very likely to increase,very likely to increase,very likely to increase,definitely decrease,very likely to decrease
67966a717690f70b52c29bff,56f6a4edc1f247000c00ec8c,AWAITING REVIEW,Not Applicable,2025-01-26T17:01:43.209000Z,2025-01-26T17:04:58.323000Z,,2025-01-26T17:04:59.046680Z,196.0,NOCODE,1527,Atheist,43,Male,White,United Kingdom,United Kingdom,United Kingdom,English,Yes,Full-Time,2025-01-26 12:01:46,2025-01-26 12:04:21,IP Address,83.105.55.180,100,155,True,2025-01-26 12:04:22,R_8HiO8A9E7D8SuL7,,,,,51.7278,-3.1399,anonymous,ZH-T,56f6a4edc1f247000c00ec8c,strongly disbelieve,undergraduate (college/University),Yes,remain the same,remain the same,remain the same,very likely to increase,may decrease,may increase,remain the same,very likely to increase,remain the same,may increase,remain the same,may increase,remain the same,remain the same,may decrease,may decrease
67966a728fa0bc5012385bab,64db87721f4e3aa1a8977661,AWAITING REVIEW,Not Applicable,2025-01-26T17:10:05.761000Z,2025-01-26T17:12:29.467000Z,,2025-01-26T17:12:30.414406Z,144.0,NOCODE,247,Atheist,22,Male,White,Spain,Spain,Spain,Spanish,Yes,Unemployed (and job seeking),2025-01-26 12:10:07,2025-01-26 12:12:17,IP Address,90.174.165.223,100,130,True,2025-01-26 12:12:18,R_8NFGfO7z2Gqb5ev,,,,,38.2642,-0.7001,anonymous,ZH-T,64db87721f4e3aa1a8977661,somewhat believe,undergraduate (college/University),Yes,may increase,very likely to increase,may increase,may increase,may increase,may increase,remain the same,very likely to increase,remain the same,remain the same,may decrease,may increase,may increase,may decrease,may decrease,may increase
67966a737f863318b166644d,6677088c3e8ac376937ace9a,AWAITING REVIEW,Not Applicable,2025-01-26T17:02:03.286000Z,2025-01-26T17:06:07.364000Z,,2025-01-26T17:06:08.181254Z,245.0,NOCODE,95,Atheist,27,Female,White,Spain,Spain,Spain,Spanish,Yes,Part-Time,2025-01-26 12:02:06,2025-01-26 12:05:53,IP Address,45.85.136.43,100,227,True,2025-01-26 12:05:54,R_8PGgwCPhW5Uhk7T,,,,,38.3991,-0.575,anonymous,ZH-T,6677088c3e8ac376937ace9a,strongly disbelieve,graduate school (postgraduate),Yes,may decrease,may increase,definitely decrease,definitely decrease,remain the same,may increase,may increase,remain the same,may increase,remain the same,definitely decrease,remain the same,very likely to decrease,may increase,may decrease,stay the same
67966a7aa19cd7a9af9c6514,607176a53e0b57a4f8be7ac9,AWAITING REVIEW,Not Applicable,2025-01-26T17:01:46.498000Z,2025-01-26T17:07:13.264000Z,,2025-01-26T17:07:13.910450Z,327.0,NOCODE,620,Atheist,36,Male,White,Poland,Poland,Poland,Polish,No,Full-Time,2025-01-26 12:01:53,2025-01-26 12:07:01,IP Address,37.30.22.54,100,307,True,2025-01-26 12:07:02,R_2v8JcMq0F57LQLD,,,,,52.3754,16.8811,anonymous,ZH-T,607176a53e0b57a4f8be7ac9,strongly disbelieve,high school,Yes,may decrease,may decrease,remain the same,remain the same,remain the same,remain the same,remain the same,may increase,may decrease,may decrease,may decrease,may decrease,remain the same,remain the same,remain the same,may increase
67966a7c2f5eef2f87c73244,54affe30fdf99b71c5514d30,AWAITING REVIEW,Not Applicable,2025-01-26T17:01:55.271000Z,2025-01-26T17:09:54.621000Z,,2025-01-26T17:09:55.341347Z,480.0,NOCODE,927,Atheist,35,Male,White,Hungary,Hungary,Hungary,Hungarian,No,Full-Time,2025-01-26 12:01:57,2025-01-26 12:09:36,IP Address,81.182.147.154,100,459,True,2025-01-26 12:09:37,R_8LsDg0w2D6isq7T,,,,,47.5,19.0412,anonymous,ZH-T,54affe30fdf99b71c5514d30,strongly disbelieve,graduate school (postgraduate),Yes,may decrease,remain the same,may decrease,very likely to increase,may decrease,may decrease,may increase,may increase,remain the same,remain the same,may increase,very likely to increase,remain the same,remain the same,may decrease,stay the same
67966a885c7cd86e1ce34f80,5c644e502b97df0001f3d00d,AWAITING REVIEW,Not Applicable,2025-01-26T17:02:08.159000Z,2025-01-26T17:07:12.977000Z,,2025-01-26T17:07:14.251232Z,305.0,NOCODE,813,Atheist,30,Male,Other,Chile,Chile,Chile,Spanish,No,Full-Time,2025-01-26 12:02:15,2025-01-26 12:06:59,IP Address,186.11.26.83,100,283,True,2025-01-26 12:07:00,R_52SbgNBPUJ0UBX4,,,,,-33.4521,-70.6536,anonymous,ZH-T,5c644e502b97df0001f3d00d,strongly disbelieve,graduate school (postgraduate),Yes,may decrease,may decrease,very likely to decrease,definitely increase,very likely to decrease,definitely increase,very likely to increase,definitely increase,may increase,definitely increase,remain the same,remain the same,remain the same,may increase,may decrease,may increase
67966a9127563891ca6ff934,5eb6ed6a4842d30675c02d49,AWAITING REVIEW,Not Applicable,2025-01-26T17:02:32.077000Z,2025-01-26T17:08:14.197000Z,,2025-01-26T17:08:14.993620Z,343.0,NOCODE,326,Atheist,22,Male,White,Poland,Poland,Poland,Polish,Yes,Part-Time,2025-01-26 12:02:35,2025-01-26 12:07:56,IP Address,85.221.130.43,100,320,True,2025-01-26 12:07:57,R_8QQbtkz1TyqcRzh,,,,,52.3885,16.8948,anonymous,ZH-T,5eb6ed6a4842d30675c02d49,strongly disbelieve,undergraduate (college/University),Yes,remain the same,remain the same,may decrease,may increase,may decrease,may decrease,remain the same,remain the same,very likely to decrease,definitely increase,may increase,remain the same,definitely decrease,remain the same,may decrease,may increase
67966a93c56d46f4062d4fc0,678e91bfcfd00cafaf668c47,AWAITING REVIEW,Not Applicable,2025-01-26T17:02:50.275000Z,2025-01-26T17:10:47.764000Z,,2025-01-26T17:10:48.546815Z,478.0,NOCODE,1,Irreligious,54,Female,White,Spain,Spain,Spain,Spanish,No,Part-Time,2025-01-26 12:03:05,2025-01-26 12:09:44,IP Address,81.203.245.47,100,399,True,2025-01-26 12:09:45,R_2YUbeOnZpApsmu5,,,,,40.4964,-3.6589,anonymous,ZH-T,678e91bfcfd00cafaf668c47,somewhat believe,graduate school (postgraduate),Yes,may decrease,may increase,may decrease,may increase,may decrease,may increase,very likely to increase,very likely to increase,very likely to increase,definitely increase,may increase,may increase,may increase,very likely to increase,may decrease,may increase
67966a9683637f1b28abb7b0,66ad542f8f79091267d92961,AWAITING REVIEW,Not Applicable,2025-01-26T17:02:28.099000Z,2025-01-26T17:07:53.858000Z,,2025-01-26T17:07:54.533411Z,326.0,NOCODE,118,Atheist,28,Male,Mixed,Austria,Austria,Austria,German,No,Unemployed (and job seeking),2025-01-26 12:02:29,2025-01-26 12:07:19,IP Address,212.95.5.217,100,289,True,2025-01-26 12:07:20,R_8ajGkz1H2wscvMl,,,,,48.1968,16.3191,anonymous,ZH-T,66ad542f8f79091267d92961,somewhat disbelieve,middle school,Yes,very likely to decrease,very likely to decrease,may decrease,very likely to decrease,definitely decrease,very likely to decrease,definitely increase,definitely increase,will definitely increase,definitely increase,may increase,may increase,remain the same,remain the same,definitely decrease,may increase
67966a9fd1ec8323d946104f,66ba0921639818e46f5c92e3,AWAITING REVIEW,Not Applicable,2025-01-26T17:02:55.325000Z,2025-01-26T17:09:00.287000Z,,2025-01-26T17:09:00.929068Z,365.0,NOCODE,177,Atheist,47,Female,White,United Kingdom,United Kingdom,United Kingdom,English,No,Part-Time,2025-01-26 12:03:00,2025-01-26 12:08:16,IP Address,90.217.112.253,100,315,True,2025-01-26 12:08:16,R_2SoOGtBkKk692CZ,,,,,52.8058,-0.1636,anonymous,ZH-T,66ba0921639818e46f5c92e3,strongly disbelieve,vocational/technical school,Yes,very likely to decrease,remain the same,may decrease,remain the same,very likely to decrease,remain the same,may increase,may increase,may increase,may increase,may increase,may increase,may increase,remain the same,may decrease,may increase
67966aa0281f3390ccbe6343,5f07529227813a325372ddd7,AWAITING REVIEW,Not Applicable,2025-01-26T17:02:33.405000Z,2025-01-26T17:08:33.938000Z,,2025-01-26T17:08:34.787789Z,361.0,NOCODE,496,Irreligious,42,Male,White,South Africa,South Africa,South Africa,Afrikaans,No,DATA_EXPIRED,2025-01-26 12:02:37,2025-01-26 12:07:46,IP Address,196.25.231.202,100,308,True,2025-01-26 12:07:47,R_2UVDYSYPLrsmMRF,,,,,-34.0338,20.433,anonymous,ZH-T,5f07529227813a325372ddd7,somewhat disbelieve,high school,Yes,remain the same,remain the same,remain the same,may increase,remain the same,remain the same,may increase,may increase,remain the same,remain the same,remain the same,remain the same,remain the same,remain the same,remain the same,very likely to increase
67966aa158583007c86ffa6b,5e2f448d3d8aa150310b677b,AWAITING REVIEW,Not Applicable,2025-01-26T17:02:25.346000Z,2025-01-26T17:07:47.189000Z,,2025-01-26T17:07:47.764066Z,322.0,NOCODE,755,Atheist,31,Female,White,Poland,Poland,Poland,Polish,No,Unemployed (and job seeking),2025-01-26 12:02:28,2025-01-26 12:07:30,IP Address,83.8.156.59,100,302,True,2025-01-26 12:07:30,R_8j7nUmUg4LFIYIG,,,,,54.273,18.5719,anonymous,ZH-T,5e2f448d3d8aa150310b677b,somewhat disbelieve,undergraduate (college/University),Yes,may decrease,remain the same,may decrease,may decrease,very likely to decrease,may decrease,may increase,remain the same,may increase,remain the same,may increase,may increase,remain the same,remain the same,very likely to decrease,may decrease
67966aa496acae111213892b,629898de865eca62db050b71,AWAITING REVIEW,Not Applicable,2025-01-26T17:02:32.585000Z,2025-01-26T17:06:48.997000Z,,2025-01-26T17:06:49.665323Z,257.0,NOCODE,542,Atheist,28,Male,White,United Kingdom,United Kingdom,United Kingdom,English,No,Part-Time,2025-01-26 12:02:34,2025-01-26 12:06:13,IP Address,31.51.39.23,100,218,True,2025-01-26 12:06:13,R_2E65LYJiVrFe4TL,,,,,53.4474,-2.3808,anonymous,ZH-T,629898de865eca62db050b71,strongly disbelieve,undergraduate (college/University),Yes,may decrease,may decrease,may decrease,may decrease,may decrease,may decrease,definitely increase,definitely increase,will definitely increase,definitely increase,remain the same,remain the same,remain the same,remain the same,may decrease,may decrease
67966ab25bf10e201ffe0cbb,6122966a93af160af481836c,AWAITING REVIEW,Not Applicable,2025-01-26T17:07:11.546000Z,2025-01-26T17:11:50.403000Z,,2025-01-26T17:11:51.526901Z,279.0,NOCODE,327,Atheist,25,Male,White,Portugal,Portugal,Portugal,Portuguese,Yes,Full-Time,2025-01-26 12:07:14,2025-01-26 12:11:30,IP Address,89.115.3.71,100,256,True,2025-01-26 12:11:31,R_8YSvPj1uolPuNaO,,,,,38.7219,-9.1398,anonymous,ZH-T,6122966a93af160af481836c,strongly disbelieve,graduate school (postgraduate),Yes,may decrease,remain the same,definitely decrease,may decrease,very likely to decrease,very likely to decrease,very likely to increase,may increase,may increase,very likely to increase,very likely to decrease,remain the same,remain the same,may increase,may decrease,may decrease
67966ac5061e6a1f7aa55128,62e44bc8933fe0b9c7f8b12d,AWAITING REVIEW,Not Applicable,2025-01-26T17:03:08.996000Z,2025-01-26T17:07:01.431000Z,,2025-01-26T17:07:02.413550Z,233.0,NOCODE,65,Atheist,28,Prefer not to say,White,Fiji,United Kingdom,Ireland,English,No,Part-Time,2025-01-26 12:03:18,2025-01-26 12:06:42,IP Address,94.193.117.90,100,203,True,2025-01-26 12:06:42,R_2PAsElV9x3hdWHQ,,,,,52.4867,-1.8989,anonymous,ZH-T,62e44bc8933fe0b9c7f8b12d,strongly disbelieve,graduate school (postgraduate),Yes,remain the same,remain the same,remain the same,remain the same,remain the same,remain the same,may increase,may increase,remain the same,may increase,remain the same,may increase,remain the same,remain the same,may decrease,may increase
67966ac766eda99959c7c148,63d1991a59aef0f7e6dbd731,AWAITING REVIEW,Not Applicable,2025-01-26T17:03:11.017000Z,2025-01-26T17:06:02.052000Z,,2025-01-26T17:06:02.595152Z,172.0,NOCODE,143,Atheist,41,Female,White,United Kingdom,United Kingdom,United Kingdom,English,No,Due to start a new job within the next month,2025-01-26 12:03:14,2025-01-26 12:05:35,IP Address,82.15.153.159,100,140,True,2025-01-26 12:05:36,R_2TFkiilyKvdT6bn,,,,,52.8996,-1.2714,anonymous,ZH-T,63d1991a59aef0f7e6dbd731,somewhat disbelieve,undergraduate (college/University),Yes,may decrease,may decrease,definitely decrease,definitely decrease,may decrease,remain the same,definitely increase,may increase,very likely to increase,may increase,may increase,definitely increase,remain the same,remain the same,definitely decrease,stay the same
67966ac993619c87b8f7c766,605b8f5474e38d32c80f8f40,AWAITING REVIEW,Not Applicable,2025-01-26T17:03:10.739000Z,2025-01-26T17:05:27.731000Z,,2025-01-26T17:05:28.348350Z,137.0,NOCODE,454,Atheist,27,Male,White,Portugal,Portugal,Portugal,Portuguese,No,Part-Time,2025-01-26 12:03:12,2025-01-26 12:05:17,IP Address,93.108.58.187,100,125,True,2025-01-26 12:05:18,R_2pmJRRMRXuYOMi4,,,,,38.7219,-9.1398,anonymous,ZH-T,605b8f5474e38d32c80f8f40,strongly disbelieve,undergraduate (college/University),Yes,remain the same,may increase,may decrease,very likely to increase,very likely to decrease,may decrease,definitely increase,definitely increase,very likely to increase,very likely to increase,very likely to increase,very likely to increase,may increase,may increase,may decrease,may decrease
67966ac9e6be39c274c85a26,5e9fdd5effe6a51855448d1b,AWAITING REVIEW,Not Applicable,2025-01-26T17:03:16.634000Z,2025-01-26T17:08:18.777000Z,,2025-01-26T17:08:19.508179Z,303.0,NOCODE,540,Atheist,28,Male,Mixed,Mexico,Mexico,Mexico,Spanish,Yes,Due to start a new job within the next month,2025-01-26 12:03:18,2025-01-26 12:08:01,IP Address,187.221.97.161,100,282,True,2025-01-26 12:08:02,R_7D2d1oLtLUS1o0q,,,,,19.3601,-98.9787,anonymous,ZH-T,5e9fdd5effe6a51855448d1b,strongly disbelieve,undergraduate (college/University),Yes,remain the same,remain the same,may decrease,may decrease,very likely to decrease,may decrease,may increase,remain the same,may increase,may increase,may increase,may increase,remain the same,remain the same,may decrease,may increase
67966ad690b3a43b586f8634,654d6f8da5a799938acbbd8e,AWAITING REVIEW,Not Applicable,2025-01-26T17:03:31.063000Z,2025-01-26T17:07:24.595000Z,,2025-01-26T17:07:25.674271Z,234.0,NOCODE,110,Atheist,19,Male,White,Portugal,Portugal,Portugal,Russian,Yes,Other,2025-01-26 12:03:33,2025-01-26 12:07:16,IP Address,84.91.54.88,100,223,True,2025-01-26 12:07:17,R_2IsaK35XZSqyo3T,,,,,40.6642,-7.9072,anonymous,ZH-T,654d6f8da5a799938acbbd8e,somewhat disbelieve,undergraduate (college/University),Yes,remain the same,remain the same,may decrease,remain the same,may decrease,may decrease,very likely to increase,very likely to increase,may increase,may increase,may increase,remain the same,remain the same,remain the same,may decrease,definitely increase
67966adf1e71a840c73a2fe4,5f563d4bc1684c0241b17264,AWAITING REVIEW,Not Applicable,2025-01-26T17:03:27.602000Z,2025-01-26T17:09:14.890000Z,,2025-01-26T17:09:15.609752Z,348.0,NOCODE,349,Irreligious,26,Male,Asian,South Africa,South Africa,South Africa,English,No,Full-Time,2025-01-26 12:03:36,2025-01-26 12:08:50,IP Address,102.219.162.211,100,313,True,2025-01-26 12:08:51,R_2hgvKSSqJHSmk9l,,,,,-26.2309,28.0583,anonymous,ZH-T,5f563d4bc1684c0241b17264,somewhat believe,undergraduate (college/University),Yes,remain the same,may increase,remain the same,may increase,remain the same,remain the same,definitely increase,may increase,may increase,may increase,very likely to increase,may increase,remain the same,remain the same,remain the same,very likely to increase
67966ae8eccd4751121b7db5,61645bb42448211bd79fd79b,AWAITING REVIEW,Not Applicable,2025-01-26T17:03:56.435000Z,2025-01-26T17:10:45.802000Z,,2025-01-26T17:10:46.560697Z,410.0,NOCODE,459,Atheist,60,Female,White,Canada,Canada,Canada,French,No,"Not in paid work (e.g. homemaker', 'retired or disabled)",2025-01-26 12:04:00,2025-01-26 12:10:15,IP Address,70.53.237.176,100,374,True,2025-01-26 12:10:16,R_5ojXZoyhzJejePn,,,,,46.8743,-71.2803,anonymous,ZH-T,61645bb42448211bd79fd79b,unsure,undergraduate (college/University),Yes,remain the same,remain the same,may decrease,may decrease,may decrease,may decrease,definitely increase,definitely increase,will definitely increase,definitely increase,may increase,definitely increase,very likely to increase,definitely increase,may decrease,definitely decrease
67966aec58583007c86ffa7a,5b8ffbd22aa8aa000107adee,AWAITING REVIEW,Not Applicable,2025-01-26T17:03:46.817000Z,2025-01-26T17:10:07.017000Z,,2025-01-26T17:10:07.912002Z,381.0,NOCODE,224,Atheist,37,Female,White,Italy,Italy,Italy,Italian,No,Full-Time,2025-01-26 12:03:53,2025-01-26 12:09:35,IP Address,2.37.167.132,100,341,True,2025-01-26 12:09:36,R_2gNtsOlB1ARaz8J,,,,,44.4847,11.328,anonymous,ZH-T,5b8ffbd22aa8aa000107adee,strongly disbelieve,high school,Yes,remain the same,remain the same,may decrease,remain the same,may decrease,may decrease,very likely to increase,may increase,may increase,may increase,may increase,may increase,remain the same,remain the same,may decrease,may increase
67966af64a8f1ffa33780218,5c4491198bb6fd00016417d1,AWAITING REVIEW,Not Applicable,2025-01-26T17:03:55.880000Z,2025-01-26T17:09:38.724000Z,,2025-01-26T17:09:39.582272Z,343.0,NOCODE,387,Atheist,34,Male,Mixed,Portugal,Portugal,Portugal,Portuguese,No,Full-Time,2025-01-26 12:03:58,2025-01-26 12:09:20,IP Address,148.63.107.145,100,321,True,2025-01-26 12:09:20,R_8ErIVrNLK8guGpj,,,,,38.7219,-9.1398,anonymous,ZH-T,5c4491198bb6fd00016417d1,strongly disbelieve,graduate school (postgraduate),Yes,remain the same,very likely to increase,may decrease,very likely to increase,may increase,may increase,definitely increase,very likely to increase,will definitely increase,very likely to increase,may increase,may decrease,may increase,remain the same,may decrease,may increase
67966b040a8df3313eec0d05,5ef48dd4532bca02ef721497,AWAITING REVIEW,Not Applicable,2025-01-26T17:04:10.136000Z,2025-01-26T17:12:04.818000Z,,2025-01-26T17:12:05.886474Z,475.0,NOCODE,216,Atheist,24,Male,Mixed,Portugal,Portugal,Portugal,Portuguese,No,Full-Time,2025-01-26 12:04:12,2025-01-26 12:11:47,IP Address,94.60.30.74,100,455,True,2025-01-26 12:11:48,R_2SBLrNB2HAazy1x,,,,,41.1459,-8.6169,anonymous,ZH-T,5ef48dd4532bca02ef721497,strongly disbelieve,graduate school (postgraduate),Yes,remain the same,may increase,may decrease,may increase,remain the same,may increase,very likely to increase,may increase,remain the same,may increase,may increase,very likely to increase,remain the same,very likely to increase,remain the same,may decrease
67966b06d1ec8323d946106c,5d8346167ed176001888204d,AWAITING REVIEW,Not Applicable,2025-01-26T17:04:50.916000Z,2025-01-26T17:08:31.376000Z,,2025-01-26T17:08:32.362461Z,221.0,NOCODE,962,Atheist,38,Male,White,Portugal,Portugal,Portugal,Portuguese,No,Full-Time,2025-01-26 12:04:53,2025-01-26 12:08:19,IP Address,85.138.61.21,100,206,True,2025-01-26 12:08:20,R_8VDOpMmpuKRtZKg,,,,,38.7297,-9.2507,anonymous,ZH-T,5d8346167ed176001888204d,strongly disbelieve,undergraduate (college/University),Yes,may decrease,may increase,may decrease,may increase,very likely to decrease,may increase,very likely to increase,very likely to increase,may increase,very likely to increase,may increase,may decrease,may increase,remain the same,may decrease,may increase
67966b0f58583007c86ffa7e,65980b93a4ec84cddbc5d98a,AWAITING REVIEW,Not Applicable,2025-01-26T17:04:29.105000Z,2025-01-26T17:07:03.192000Z,,2025-01-26T17:07:03.786227Z,155.0,NOCODE,94,Atheist,21,Female,Other,Tanzania,Canada,Tanzania,English,Yes,Part-Time,2025-01-26 12:04:30,2025-01-26 12:06:50,IP Address,76.64.31.124,100,139,True,2025-01-26 12:06:51,R_5FErvLTGxwtQD1r,,,,,43.1254,-79.2348,anonymous,ZH-T,65980b93a4ec84cddbc5d98a,strongly disbelieve,undergraduate (college/University),Yes,may decrease,may decrease,remain the same,may increase,may decrease,remain the same,remain the same,remain the same,very likely to increase,very likely to increase,remain the same,may increase,remain the same,may increase,may decrease,stay the same
67966b146be00b6a3b77fa1a,65faeb7145b8262f7a342099,AWAITING REVIEW,Not Applicable,2025-01-26T17:04:20.757000Z,2025-01-26T17:10:02.721000Z,,2025-01-26T17:10:03.469731Z,342.0,NOCODE,168,Atheist,27,Male,Black,Kenya,Kenya,Kenya,English,No,Full-Time,2025-01-26 12:04:24,2025-01-26 12:09:34,IP Address,102.0.2.92,100,310,True,2025-01-26 12:09:35,R_2lS5ckWYVksF6dw,,,,,-1.2841,36.8155,anonymous,ZH-T,65faeb7145b8262f7a342099,strongly disbelieve,undergraduate (college/University),Yes,may decrease,very likely to decrease,may decrease,very likely to decrease,very likely to decrease,very likely to decrease,very likely to increase,may increase,may increase,may decrease,may decrease,very likely to decrease,may increase,may decrease,may decrease,very likely to decrease
67966b1666fe5152b6c8773b,66689a7d46d958da3b4cbc9b,AWAITING REVIEW,Not Applicable,2025-01-26T17:04:22.544000Z,2025-01-26T17:08:50.630000Z,,2025-01-26T17:08:51.273235Z,269.0,NOCODE,152,Atheist,36,Male,White,Spain,Spain,Spain,Spanish,Yes,Due to start a new job within the next month,2025-01-26 12:04:24,2025-01-26 12:08:36,IP Address,87.219.136.39,100,252,True,2025-01-26 12:08:37,R_2whOiHDqRlKBPom,,,,,28.4656,-16.2923,anonymous,ZH-T,66689a7d46d958da3b4cbc9b,strongly disbelieve,vocational/technical school,Yes,may decrease,may decrease,may decrease,remain the same,very likely to decrease,may decrease,definitely increase,definitely increase,may increase,remain the same,remain the same,remain the same,remain the same,remain the same,may decrease,may decrease
67966b1d6be00b6a3b77fa21,615838a2d65d6be56cc96091,AWAITING REVIEW,Not Applicable,2025-01-26T17:04:29.414000Z,2025-01-26T17:08:26.333000Z,,2025-01-26T17:08:26.974999Z,237.0,NOCODE,1054,Irreligious,57,Male,Asian,Japan,Australia,Japan,Japanese,No,Full-Time,2025-01-26 12:04:34,2025-01-26 12:07:59,IP Address,220.233.36.56,100,204,True,2025-01-26 12:07:59,R_4eaI0gzY1jXe5gn,,,,,-27.5586,153.0981,anonymous,ZH-T,615838a2d65d6be56cc96091,strongly disbelieve,vocational/technical school,Yes,may decrease,may decrease,may decrease,may decrease,may decrease,may decrease,may increase,may increase,remain the same,remain the same,remain the same,remain the same,remain the same,remain the same,may decrease,may decrease
67966b28b0e13a938ecc2869,5ed6cce1cd4ef9015c935786,AWAITING REVIEW,Not Applicable,2025-01-26T17:05:04.757000Z,2025-01-26T17:13:36.947000Z,,2025-01-26T17:13:37.843805Z,513.0,NOCODE,284,Atheist,36,Female,White,United Kingdom,United Kingdom,United Kingdom,English,No,Full-Time,2025-01-26 12:05:11,2025-01-26 12:13:14,IP Address,86.20.27.8,100,482,True,2025-01-26 12:13:15,R_8LGtwihIfJpfWSV,,,,,51.2604,-1.0825,anonymous,ZH-T,5ed6cce1cd4ef9015c935786,strongly disbelieve,undergraduate (college/University),Yes,may decrease,may increase,remain the same,remain the same,may decrease,remain the same,may increase,may increase,very likely to increase,may increase,may increase,remain the same,may increase,remain the same,may decrease,definitely increase
67966b331b25dd2db4b03889,60dc31374fc70253e7a2d9e9,AWAITING REVIEW,Not Applicable,2025-01-26T17:04:59.901000Z,2025-01-26T17:12:21.882000Z,,2025-01-26T17:12:22.930488Z,442.0,NOCODE,650,Atheist,48,Male,White,South Africa,South Africa,South Africa,English,No,Full-Time,2025-01-26 12:05:08,2025-01-26 12:11:34,IP Address,102.182.147.124,100,385,True,2025-01-26 12:11:35,R_8ZP7FbvSfV8qqFP,,,,,-26.2309,28.0583,anonymous,ZH-T,60dc31374fc70253e7a2d9e9,strongly disbelieve,vocational/technical school,Yes,remain the same,may increase,remain the same,may increase,remain the same,may increase,may increase,very likely to increase,may increase,may increase,remain the same,may increase,remain the same,may increase,may increase,may increase
67966b5c8fa0bc5012385be7,5b27c8c9051c6e00019d0c96,AWAITING REVIEW,Not Applicable,2025-01-26T17:05:32.083000Z,2025-01-26T17:14:47.614000Z,,2025-01-26T17:14:48.326708Z,556.0,NOCODE,622,Atheist,56,Male,Mixed,"Venezuela, Bolivarian Republic of",Chile,"Venezuela, Bolivarian Republic of",Spanish,No,Full-Time,2025-01-26 12:05:35,2025-01-26 12:14:12,IP Address,179.60.74.174,100,517,True,2025-01-26 12:14:12,R_6hF5LdB8TazTViB,,,,,-33.0228,-71.5519,anonymous,ZH-T,5b27c8c9051c6e00019d0c96,strongly disbelieve,high school,Yes,definitely decrease,definitely decrease,definitely decrease,definitely decrease,definitely decrease,very likely to decrease,remain the same,remain the same,definitely decrease,remain the same,remain the same,remain the same,remain the same,remain the same,definitely decrease,definitely decrease
67966b8c26638118fa294ada,657b14051bc888fb7ce32248,AWAITING REVIEW,Not Applicable,2025-01-26T17:06:25.291000Z,2025-01-26T17:10:23.547000Z,,2025-01-26T17:10:24.205023Z,239.0,NOCODE,104,Atheist,28,Female,Other,Sweden,Sweden,Sweden,Turkish,No,Part-Time,2025-01-26 12:06:27,2025-01-26 12:10:08,IP Address,83.255.211.16,100,221,True,2025-01-26 12:10:09,R_8BRPqTdhf2XnxcJ,,,,,59.3784,13.5123,anonymous,ZH-T,657b14051bc888fb7ce32248,strongly disbelieve,graduate school (postgraduate),Yes,may decrease,remain the same,may decrease,may increase,very likely to decrease,may decrease,very likely to increase,definitely increase,remain the same,very likely to increase,may increase,very likely to increase,definitely decrease,definitely decrease,very likely to decrease,stay the same
67966bb1af7570efafe1b4ff,5f2d4ed77f1d552c576f64bf,AWAITING REVIEW,Not Applicable,2025-01-26T17:07:09.365000Z,2025-01-26T17:10:05.708000Z,,2025-01-26T17:10:06.398201Z,177.0,NOCODE,468,Atheist,24,Male,White,Poland,Poland,Poland,Polish,No,Unemployed (and job seeking),2025-01-26 12:07:11,2025-01-26 12:09:54,IP Address,46.205.200.207,100,163,True,2025-01-26 12:09:55,R_2us7bHgdrBT8MpO,,,,,52.2299,21.0093,anonymous,ZH-T,5f2d4ed77f1d552c576f64bf,strongly disbelieve,graduate school (postgraduate),Yes,remain the same,remain the same,may decrease,may decrease,may decrease,may decrease,very likely to increase,very likely to increase,very likely to increase,very likely to increase,may increase,may increase,may increase,very likely to increase,may decrease,may decrease
67966bbedb8cd684899234a5,583fe092d639d0000142fb2e,AWAITING REVIEW,Not Applicable,2025-01-26T17:07:16.632000Z,2025-01-26T17:10:00.435000Z,,2025-01-26T17:10:01.037151Z,164.0,NOCODE,3135,Atheist,54,Male,White,United Kingdom,United Kingdom,United Kingdom,English,No,Full-Time,2025-01-26 12:07:18,2025-01-26 12:09:40,IP Address,5.66.254.87,100,142,True,2025-01-26 12:09:41,R_824MXHSGTeoSaS6,,,,,51.8686,-2.2446,anonymous,ZH-T,583fe092d639d0000142fb2e,strongly disbelieve,graduate school (postgraduate),Yes,remain the same,remain the same,remain the same,may decrease,remain the same,remain the same,may increase,may increase,may increase,very likely to increase,may increase,may increase,may increase,remain the same,remain the same,stay the same
67966bf906a654c448a46327,5f3f3d353897d223654ac70c,AWAITING REVIEW,Not Applicable,2025-01-26T17:08:42.860000Z,2025-01-26T17:17:32.999000Z,,2025-01-26T17:17:33.630629Z,531.0,NOCODE,654,Atheist,51,Male,White,Poland,Poland,Poland,Polish,No,Full-Time,2025-01-26 12:08:48,2025-01-26 12:17:04,IP Address,77.65.111.139,100,496,True,2025-01-26 12:17:05,R_8hJSOs1qVE30j7z,,,,,52.4056,16.9302,anonymous,ZH-T,5f3f3d353897d223654ac70c,strongly disbelieve,undergraduate (college/University),Yes,may decrease,may decrease,may decrease,remain the same,may decrease,may decrease,very likely to increase,definitely increase,may increase,may increase,may increase,remain the same,remain the same,remain the same,may decrease,stay the same
67966c6c71aeb3a0a1644e25,67161ce1720daa6ff1a74355,AWAITING REVIEW,Not Applicable,2025-01-26T17:10:09.115000Z,2025-01-26T17:17:37.172000Z,,2025-01-26T17:17:37.907981Z,449.0,NOCODE,41,Irreligious,26,Female,White,France,France,France,French,Yes,Full-Time,2025-01-26 12:10:10,2025-01-26 12:17:22,IP Address,89.89.46.104,100,432,True,2025-01-26 12:17:23,R_8lygUOzWfR9sTwG,,,,,43.6107,3.8809,anonymous,ZH-T,67161ce1720daa6ff1a74355,somewhat disbelieve,undergraduate (college/University),Yes,remain the same,remain the same,remain the same,remain the same,may decrease,remain the same,definitely increase,very likely to increase,very likely to increase,very likely to increase,very likely to increase,very likely to increase,may increase,definitely increase,may decrease,may decrease
67966cf2d976a7d9711acfd8,5a5110bb76d1c60001aaa059,AWAITING REVIEW,Not Applicable,2025-01-26T17:12:31.921000Z,2025-01-26T17:19:40.992000Z,,2025-01-26T17:19:41.705605Z,430.0,NOCODE,1197,Atheist,47,Male,White,Italy,Italy,Italy,Italian,No,Unemployed (and job seeking),2025-01-26 12:12:34,2025-01-26 12:18:53,IP Address,93.34.32.164,100,378,True,2025-01-26 12:18:53,R_20t0HohOUQXnQOJ,,,,,40.8449,14.2716,anonymous,ZH-T,5a5110bb76d1c60001aaa059,strongly disbelieve,high school,Yes,definitely decrease,may decrease,definitely decrease,definitely decrease,definitely decrease,very likely to decrease,definitely increase,definitely increase,will definitely increase,definitely increase,remain the same,remain the same,remain the same,remain the same,definitely decrease,definitely decrease
67966da56352c6129b41bfca,6665b023028c2fb836001f18,AWAITING REVIEW,Not Applicable,2025-01-26T17:15:38.354000Z,2025-01-26T17:20:05.376000Z,,2025-01-26T17:20:06.684578Z,268.0,NOCODE,74,Atheist,23,Female,White,Spain,Spain,Spain,Spanish,No,Unemployed (and job seeking),2025-01-26 12:15:41,2025-01-26 12:19:48,IP Address,83.32.167.245,100,246,True,2025-01-26 12:19:48,R_2qm506gtBOos7Xb,,,,,40.4505,-3.5926,anonymous,ZH-T,6665b023028c2fb836001f18,somewhat believe,undergraduate (college/University),Yes,may increase,very likely to increase,may decrease,remain the same,very likely to decrease,remain the same,definitely increase,definitely increase,may increase,very likely to increase,definitely increase,definitely increase,may increase,definitely increase,may increase,definitely increase
